agent_name,agent_cost,task_completions,agent_reviews,agent_ratings
Company Research Agent,1,25200,2728,4.28
Flux Image Generator,1,598400,21862,4.26
QuickSketchAI: Interactive Prototype Generator,1,506,8,4.38
Ideal Customer Profile (ICP) Builder,1,13000,1248,4.42
HubSpot App Marketplace Listing Grader,1,10300,1116,4.40
Executive DISC Profile,1,6300,239,4.35
Video Script Generator,1,107400,1943,4.20
Web Design Grader,1,9100,410,4.17
Website Domain Valuation Expert,1,85400,699,4.42
Earnings Call Analyzer,1,6000,204,4.43
Loading Message Generator,1,4200,292,4.30
Meme Maker,1,129600,2536,3.94
Fit to purpose image generator,1,90600,2143,4.20
Industry Analysis,1,8000,325,4.26
Recent LinkedIn Posts,1,7800,656,4.39
Company Research Agent,1,25200,2728,4.28
Flux Image Generator,1,598400,21862,4.26
QuickSketchAI: Interactive Prototype Generator,1,506,8,4.38
YouTube Transcript Generator,1,34300,2760,4.37
HubSpot Marketplace Review Reply Generator,1,408,51,4.51
Customer Persona Builder,1,2100,101,4.32
App Partner Finder,1,452,12,3.92
Personalized Executive Outreach,1,7800,47,4.00
Zoom Call Ice Breaker,1,4000,134,4.37
3 So What's,1,1900,34,4.18
Unhelpful Life Goals Coach,1,1700,77,4.69
Generate Youtube Discussion Questions,1,482,32,4.19
Techpresso's Linkedin profile optimizer,1,5200,50,4.50
BiosphereAI by inloop.studio,1,236,17,5.00
PTO & Vacation Maximizer (US-based),1,761,31,4.42
Company Research Agent,1,25200,2728,4.28
Flux Image Generator,1,598400,21862,4.26
QuickSketchAI: Interactive Prototype Generator,1,506,8,4.38
DreamWeaver,1,687,22,4.95
AI News Aggregator,1,1500,39,4.10
Blog post to Linkedin Content,1,1000,18,3.89
Web Page Copy Editor,1,25200,1274,4.30
Prospect Extractor,1,6100,165,4.46
Competitor Analyst,1,56000,569,3.02
Search Keyword Research,1,18200,585,4.13
Ideogram Image Generator,1,157300,4638,4.07
Tech Stack Lookup,1,7600,285,4.15
Pricing Page Analyzer,1,4800,222,3.95
Conversion Rate Optimizer,1,10200,376,3.70
Competitive ChatGPT Brand Comparison,1,4000,81,3.79
Company Research Agent,1,25200,2728,4.28
Flux Image Generator,1,598400,21862,4.26
QuickSketchAI: Interactive Prototype Generator,1,506,8,4.38
Finley: The AI Mentor for Finance Professionals,1,1700,74,4.14
LinkedIn Profile Analyzer,1,7900,163,3.66
SEO Content Optimizer,1,7000,143,4.48
Email Subject Line Generator,1,1900,62,4.29
Sales Lead Qualifier,1,4100,87,4.46
Meta Tag Generator,1,2000,34,4.06
Backlink Opportunity Finder,1,2400,42,3.98
Trending Content Idea Generator,1,4400,125,4.32
Retail Business SEO Optimizer,1,735,24,4.33
Social Media Post Generator,1,11500,294,4.20
Ad Copy Creator,1,2500,79,4.05
FlyerScan,1,680,36,4.14
Company Research Agent,1,25200,2728,4.28
Flux Image Generator,1,598400,21862,4.26
QuickSketchAI: Interactive Prototype Generator,1,506,8,4.38
Product Photographer,1,1100,29,3.83
SEO Performance Gap Analysis,1,170,2,5.00
Meditate-Mini,1,923,20,4.25
D&D PDF Extractor V1,1,466,12,3.92
Diversity and Inclusion Content Auditor,1,405,6,3.00
Twitter/X Personality Analyzer,1,3700,185,4.49
E-commerce Product Description Enhancer,1,3100,43,3.67
Philosophical Archetype Detector,1,5600,101,4.32
Partnership Opportunity Identifier Agent,1,5900,93,4.31
Chat with Files,1,1300,29,3.41
Chat with Knowledge Base Files,1,1300,10,3.30
QuoteAgent - Pricing Quote Generator,1,784,15,3.80
Company Research Agent,1,25200,2728,4.28
Flux Image Generator,1,598400,21862,4.26
QuickSketchAI: Interactive Prototype Generator,1,506,8,4.38
Tweet Analysis,1,1800,85,4.69
News Article / URL Summarizer & Fact Checker,1,149,11,4.82
GenAlpha - The Gen Alpha Intelligence (Gen-AI),1,950,36,4.19
Reddit Scraper,1,5000,175,3.90
Agentic Team Formation Agent (by inloop.studio),1,572,27,4.52
RiddleGenerator,1,376,22,4.18
Recraft Image Generator,1,39100,733,4.09
YouTube Video Summarizer,1,17800,423,4.15
Agent Detoxic - Removes Toxicity from Workplace,1,357,28,4.43
Business logo inspiration,1,3900,225,3.23
Terms And Conditions Reader/Summarizer,1,320,32,4.22
Website Description,1,460,22,3.32
Company Research Agent,1,25200,2728,4.28
Flux Image Generator,1,598400,21862,4.26
QuickSketchAI: Interactive Prototype Generator,1,506,8,4.38
Fake book description generator,1,125,13,3.38
Story maker,1,523,30,4.33
Micro-Hobby Generator,1,214,19,3.68
Memory Sculptor,1,293,25,4.44
COMPLIANCE - Web Privacy Policy Compliance Audit,1,437,5,1.80
Random Biography Maker,1,86,8,4.50
Fake History Event,1,148,19,4.05
Music Recommender,1,206,24,4.63
Playlist Maker,1,438,11,4.36
Image Generator,1,79500,1494,3.88
Paper Writer,1,577,27,4.19
Ai Health Agent,1,547,35,3.54
Company Research Agent,1,25200,2728,4.28
Flux Image Generator,1,598400,21862,4.26
QuickSketchAI: Interactive Prototype Generator,1,506,8,4.38
Case Study Creator,1,147,6,4.17
Mental Issue Advice,1,192,13,4.62
Youtube Video Description generator,1,241,25,3.84
Dad Jokes,1,875,14,3.64
News Reader,1,261,2,5.00
Biography Maker,1,237,8,3.50
Future Predictions,1,12,,
Master LinkedIn Copywriter,1,850,16,3.81
Coloring page generator,1,151,3,3.33
TrendHustler,1,1200,13,4.38
LinkedIn Profile Optimizer,1,1100,22,2.77
Plot Describer,1,192,15,4.53
